"ID";"WoonlandVanGasten";"RegioS";"Perioden";"Gasten_1";"Overnachtingen_2"
"3380";"T001047";"GM0363";"2018MM10";"771";"1471"
"3381";"T001047";"GM0363";"2018MM11";"684";"1286"
"3382";"T001047";"GM0363";"2018MM12";"642";"1248"
"3385";"T001047";"GM0363";"2019MM01";"645";"1259"
"3386";"T001047";"GM0363";"2019MM02";"674";"1286"
"3387";"T001047";"GM0363";"2019MM03";"785";"1544"
"3389";"T001047";"GM0363";"2019MM04";"823";"1666"
"3390";"T001047";"GM0363";"2019MM05";"820";"1637"
"3391";"T001047";"GM0363";"2019MM06";"807";"1581"
"3393";"T001047";"GM0363";"2019MM07";"843";"1733"
"3394";"T001047";"GM0363";"2019MM08";"808";"1767"
"3395";"T001047";"GM0363";"2019MM09";"770";"1521"
"3397";"T001047";"GM0363";"2019MM10";"803";"1597"
"3398";"T001047";"GM0363";"2019MM11";"730";"1409"
"3399";"T001047";"GM0363";"2019MM12";"700";"1376"
"3402";"T001047";"GM0363";"2020MM01";"616";"1220"
"3403";"T001047";"GM0363";"2020MM02";"638";"1275"
"3404";"T001047";"GM0363";"2020MM03";"277";"553"
"3406";"T001047";"GM0363";"2020MM04";"13";"30"
"3407";"T001047";"GM0363";"2020MM05";"51";"89"
"7498";"L008691";"GM0363";"2018MM10";"150";"254"
"7499";"L008691";"GM0363";"2018MM11";"143";"244"
"7500";"L008691";"GM0363";"2018MM12";"129";"216"
"7503";"L008691";"GM0363";"2019MM01";"124";"207"
"7504";"L008691";"GM0363";"2019MM02";"125";"213"
"7505";"L008691";"GM0363";"2019MM03";"141";"243"
"7507";"L008691";"GM0363";"2019MM04";"136";"254"
"7508";"L008691";"GM0363";"2019MM05";"144";"258"
"7509";"L008691";"GM0363";"2019MM06";"150";"267"
"7511";"L008691";"GM0363";"2019MM07";"136";"243"
"7512";"L008691";"GM0363";"2019MM08";"131";"249"
"7513";"L008691";"GM0363";"2019MM09";"140";"251"
"7515";"L008691";"GM0363";"2019MM10";"140";"242"
"7516";"L008691";"GM0363";"2019MM11";"135";"230"
"7517";"L008691";"GM0363";"2019MM12";"134";"228"
"7520";"L008691";"GM0363";"2020MM01";"120";"209"
"7521";"L008691";"GM0363";"2020MM02";"124";"224"
"7522";"L008691";"GM0363";"2020MM03";"65";"114"
"7524";"L008691";"GM0363";"2020MM04";"9";"19"
"7525";"L008691";"GM0363";"2020MM05";"34";"56"
"11616";"B000069";"GM0363";"2018MM10";"621";"1217"
"11617";"B000069";"GM0363";"2018MM11";"541";"1041"
"11618";"B000069";"GM0363";"2018MM12";"513";"1032"
"11621";"B000069";"GM0363";"2019MM01";"521";"1052"
"11622";"B000069";"GM0363";"2019MM02";"549";"1073"
"11623";"B000069";"GM0363";"2019MM03";"643";"1301"
"11625";"B000069";"GM0363";"2019MM04";"687";"1411"
"11626";"B000069";"GM0363";"2019MM05";"676";"1379"
"11627";"B000069";"GM0363";"2019MM06";"657";"1314"
"11629";"B000069";"GM0363";"2019MM07";"706";"1490"
"11630";"B000069";"GM0363";"2019MM08";"678";"1518"
"11631";"B000069";"GM0363";"2019MM09";"630";"1270"
"11633";"B000069";"GM0363";"2019MM10";"663";"1354"
"11634";"B000069";"GM0363";"2019MM11";"595";"1179"
"11635";"B000069";"GM0363";"2019MM12";"566";"1148"
"11638";"B000069";"GM0363";"2020MM01";"496";"1011"
"11639";"B000069";"GM0363";"2020MM02";"513";"1051"
"11640";"B000069";"GM0363";"2020MM03";"211";"438"
"11642";"B000069";"GM0363";"2020MM04";"4";"11"
"11643";"B000069";"GM0363";"2020MM05";"17";"33"
"15734";"L008525";"GM0363";"2018MM10";"421";"831"
"15735";"L008525";"GM0363";"2018MM11";"386";"751"
"15736";"L008525";"GM0363";"2018MM12";"365";"737"
"15739";"L008525";"GM0363";"2019MM01";"377";"765"
"15740";"L008525";"GM0363";"2019MM02";"410";"808"
"15741";"L008525";"GM0363";"2019MM03";"465";"957"
"15743";"L008525";"GM0363";"2019MM04";"471";"981"
"15744";"L008525";"GM0363";"2019MM05";"438";"904"
"15745";"L008525";"GM0363";"2019MM06";"403";"809"
"15747";"L008525";"GM0363";"2019MM07";"431";"925"
"15748";"L008525";"GM0363";"2019MM08";"437";"1010"
"15749";"L008525";"GM0363";"2019MM09";"395";"802"
"15751";"L008525";"GM0363";"2019MM10";"450";"919"
"15752";"L008525";"GM0363";"2019MM11";"419";"840"
"15753";"L008525";"GM0363";"2019MM12";"400";"813"
"15756";"L008525";"GM0363";"2020MM01";"347";"708"
"15757";"L008525";"GM0363";"2020MM02";"382";"785"
"15758";"L008525";"GM0363";"2020MM03";"158";"328"
"15760";"L008525";"GM0363";"2020MM04";"3";"7"
"15761";"L008525";"GM0363";"2020MM05";"14";"26"
"19852";"L008592";"GM0363";"2018MM10";"84";"165"
"19853";"L008592";"GM0363";"2018MM11";"55";"100"
"19854";"L008592";"GM0363";"2018MM12";"60";"110"
"19857";"L008592";"GM0363";"2019MM01";"55";"103"
"19858";"L008592";"GM0363";"2019MM02";"60";"112"
"19859";"L008592";"GM0363";"2019MM03";"78";"155"
"19861";"L008592";"GM0363";"2019MM04";"82";"165"
"19862";"L008592";"GM0363";"2019MM05";"79";"158"
"19863";"L008592";"GM0363";"2019MM06";"91";"182"
"19865";"L008592";"GM0363";"2019MM07";"93";"198"
"19866";"L008592";"GM0363";"2019MM08";"90";"201"
"19867";"L008592";"GM0363";"2019MM09";"88";"181"
"19869";"L008592";"GM0363";"2019MM10";"94";"191"
"19870";"L008592";"GM0363";"2019MM11";"59";"116"
"19871";"L008592";"GM0363";"2019MM12";"65";"128"
"19874";"L008592";"GM0363";"2020MM01";"55";"105"
"19875";"L008592";"GM0363";"2020MM02";"59";"120"
"19876";"L008592";"GM0363";"2020MM03";"28";"58"
"19878";"L008592";"GM0363";"2020MM04";"1";"1"
"19879";"L008592";"GM0363";"2020MM05";"5";"8"
"23970";"L008552";"GM0363";"2018MM10";"20";"30"
"23971";"L008552";"GM0363";"2018MM11";"20";"30"
"23972";"L008552";"GM0363";"2018MM12";"21";"31"
"23975";"L008552";"GM0363";"2019MM01";"22";"34"
"23976";"L008552";"GM0363";"2019MM02";"21";"32"
"23977";"L008552";"GM0363";"2019MM03";"23";"37"
"23979";"L008552";"GM0363";"2019MM04";"23";"35"
"23980";"L008552";"GM0363";"2019MM05";"20";"30"
"23981";"L008552";"GM0363";"2019MM06";"18";"28"
"23983";"L008552";"GM0363";"2019MM07";"20";"32"
"23984";"L008552";"GM0363";"2019MM08";"20";"32"
"23985";"L008552";"GM0363";"2019MM09";"17";"26"
"23987";"L008552";"GM0363";"2019MM10";"21";"32"
"23988";"L008552";"GM0363";"2019MM11";"23";"35"
"23989";"L008552";"GM0363";"2019MM12";"23";"35"
"23992";"L008552";"GM0363";"2020MM01";"21";"33"
"23993";"L008552";"GM0363";"2020MM02";"24";"38"
"23994";"L008552";"GM0363";"2020MM03";"8";"12"
"23996";"L008552";"GM0363";"2020MM04";"0";"0"
"23997";"L008552";"GM0363";"2020MM05";"1";"2"
"28088";"L008663";"GM0363";"2018MM10";"2";"3"
"28089";"L008663";"GM0363";"2018MM11";"2";"3"
"28090";"L008663";"GM0363";"2018MM12";"4";"6"
"28093";"L008663";"GM0363";"2019MM01";"2";"3"
"28094";"L008663";"GM0363";"2019MM02";"2";"3"
"28095";"L008663";"GM0363";"2019MM03";"2";"3"
"28097";"L008663";"GM0363";"2019MM04";"2";"4"
"28098";"L008663";"GM0363";"2019MM05";"2";"3"
"28099";"L008663";"GM0363";"2019MM06";"2";"3"
"28101";"L008663";"GM0363";"2019MM07";"2";"3"
"28102";"L008663";"GM0363";"2019MM08";"2";"4"
"28103";"L008663";"GM0363";"2019MM09";"2";"3"
"28105";"L008663";"GM0363";"2019MM10";"2";"4"
"28106";"L008663";"GM0363";"2019MM11";"2";"3"
"28107";"L008663";"GM0363";"2019MM12";"2";"3"
"28110";"L008663";"GM0363";"2020MM01";"1";"2"
"28111";"L008663";"GM0363";"2020MM02";"2";"3"
"28112";"L008663";"GM0363";"2020MM03";"0";"0"
"28114";"L008663";"GM0363";"2020MM04";"0";"0"
"28115";"L008663";"GM0363";"2020MM05";"0";"0"
"32206";"L008776";"GM0363";"2018MM10";"112";"224"
"32207";"L008776";"GM0363";"2018MM11";"109";"218"
"32208";"L008776";"GM0363";"2018MM12";"97";"198"
"32211";"L008776";"GM0363";"2019MM01";"111";"229"
"32212";"L008776";"GM0363";"2019MM02";"134";"269"
"32213";"L008776";"GM0363";"2019MM03";"142";"295"
"32215";"L008776";"GM0363";"2019MM04";"122";"253"
"32216";"L008776";"GM0363";"2019MM05";"124";"258"
"32217";"L008776";"GM0363";"2019MM06";"107";"218"
"32219";"L008776";"GM0363";"2019MM07";"118";"253"
"32220";"L008776";"GM0363";"2019MM08";"107";"246"
"32221";"L008776";"GM0363";"2019MM09";"109";"220"
"32223";"L008776";"GM0363";"2019MM10";"126";"260"
"32224";"L008776";"GM0363";"2019MM11";"119";"241"
"32225";"L008776";"GM0363";"2019MM12";"112";"228"
"32228";"L008776";"GM0363";"2020MM01";"101";"211"
"32229";"L008776";"GM0363";"2020MM02";"123";"257"
"32230";"L008776";"GM0363";"2020MM03";"51";"109"
"32232";"L008776";"GM0363";"2020MM04";"1";"1"
"32233";"L008776";"GM0363";"2020MM05";"2";"4"
"36324";"L008629";"GM0363";"2018MM10";"13";"26"
"36325";"L008629";"GM0363";"2018MM11";"13";"26"
"36326";"L008629";"GM0363";"2018MM12";"10";"21"
"36329";"L008629";"GM0363";"2019MM01";"16";"36"
"36330";"L008629";"GM0363";"2019MM02";"17";"36"
"36331";"L008629";"GM0363";"2019MM03";"17";"36"
"36333";"L008629";"GM0363";"2019MM04";"11";"23"
"36334";"L008629";"GM0363";"2019MM05";"10";"21"
"36335";"L008629";"GM0363";"2019MM06";"8";"18"
"36337";"L008629";"GM0363";"2019MM07";"11";"23"
"36338";"L008629";"GM0363";"2019MM08";"9";"20"
"36339";"L008629";"GM0363";"2019MM09";"9";"19"
"36341";"L008629";"GM0363";"2019MM10";"11";"23"
"36342";"L008629";"GM0363";"2019MM11";"12";"25"
"36343";"L008629";"GM0363";"2019MM12";"9";"20"
"36346";"L008629";"GM0363";"2020MM01";"13";"29"
"36347";"L008629";"GM0363";"2020MM02";"14";"30"
"36348";"L008629";"GM0363";"2020MM03";"6";"12"
"36350";"L008629";"GM0363";"2020MM04";"0";"0"
"36351";"L008629";"GM0363";"2020MM05";"0";"0"
"40442";"L008605";"GM0363";"2018MM10";"39";"75"
"40443";"L008605";"GM0363";"2018MM11";"37";"69"
"40444";"L008605";"GM0363";"2018MM12";"41";"80"
"40447";"L008605";"GM0363";"2019MM01";"40";"75"
"40448";"L008605";"GM0363";"2019MM02";"41";"77"
"40449";"L008605";"GM0363";"2019MM03";"40";"74"
"40451";"L008605";"GM0363";"2019MM04";"45";"92"
"40452";"L008605";"GM0363";"2019MM05";"38";"75"
"40453";"L008605";"GM0363";"2019MM06";"34";"64"
"40455";"L008605";"GM0363";"2019MM07";"34";"67"
"40456";"L008605";"GM0363";"2019MM08";"45";"99"
"40457";"L008605";"GM0363";"2019MM09";"29";"53"
"40459";"L008605";"GM0363";"2019MM10";"44";"85"
"40460";"L008605";"GM0363";"2019MM11";"44";"85"
"40461";"L008605";"GM0363";"2019MM12";"44";"87"
"40464";"L008605";"GM0363";"2020MM01";"38";"71"
"40465";"L008605";"GM0363";"2020MM02";"40";"76"
"40466";"L008605";"GM0363";"2020MM03";"16";"30"
"40468";"L008605";"GM0363";"2020MM04";"0";"0"
"40469";"L008605";"GM0363";"2020MM05";"1";"1"
"44560";"L008791";"GM0363";"2018MM10";"15";"31"
"44561";"L008791";"GM0363";"2018MM11";"11";"20"
"44562";"L008791";"GM0363";"2018MM12";"10";"21"
"44565";"L008791";"GM0363";"2019MM01";"9";"19"
"44566";"L008791";"GM0363";"2019MM02";"9";"18"
"44567";"L008791";"GM0363";"2019MM03";"11";"23"
"44569";"L008791";"GM0363";"2019MM04";"18";"39"
"44570";"L008791";"GM0363";"2019MM05";"15";"30"
"44571";"L008791";"GM0363";"2019MM06";"13";"28"
"44573";"L008791";"GM0363";"2019MM07";"13";"32"
"44574";"L008791";"GM0363";"2019MM08";"11";"25"
"44575";"L008791";"GM0363";"2019MM09";"11";"23"
"44577";"L008791";"GM0363";"2019MM10";"14";"32"
"44578";"L008791";"GM0363";"2019MM11";"11";"23"
"44579";"L008791";"GM0363";"2019MM12";"12";"24"
"44582";"L008791";"GM0363";"2020MM01";"8";"18"
"44583";"L008791";"GM0363";"2020MM02";"9";"18"
"44584";"L008791";"GM0363";"2020MM03";"3";"6"
"44586";"L008791";"GM0363";"2020MM04";"0";"0"
"44587";"L008791";"GM0363";"2020MM05";"0";"0"
"48678";"L008661";"GM0363";"2018MM10";"0";"0"
"48679";"L008661";"GM0363";"2018MM11";"1";"1"
"48680";"L008661";"GM0363";"2018MM12";"1";"1"
"48683";"L008661";"GM0363";"2019MM01";"0";"0"
"48684";"L008661";"GM0363";"2019MM02";"0";"0"
"48685";"L008661";"GM0363";"2019MM03";"0";"0"
"48687";"L008661";"GM0363";"2019MM04";"0";"0"
"48688";"L008661";"GM0363";"2019MM05";"0";"0"
"48689";"L008661";"GM0363";"2019MM06";"0";"0"
"48691";"L008661";"GM0363";"2019MM07";"0";"0"
"48692";"L008661";"GM0363";"2019MM08";"0";"0"
"48693";"L008661";"GM0363";"2019MM09";"0";"0"
"48695";"L008661";"GM0363";"2019MM10";"0";"0"
"48696";"L008661";"GM0363";"2019MM11";"0";"0"
"48697";"L008661";"GM0363";"2019MM12";"0";"0"
"48700";"L008661";"GM0363";"2020MM01";"0";"0"
"48701";"L008661";"GM0363";"2020MM02";"0";"0"
"48702";"L008661";"GM0363";"2020MM03";"0";"0"
"48704";"L008661";"GM0363";"2020MM04";"0";"0"
"48705";"L008661";"GM0363";"2020MM05";"0";"0"
"52796";"L008636";"GM0363";"2018MM10";"29";"63"
"52797";"L008636";"GM0363";"2018MM11";"34";"74"
"52798";"L008636";"GM0363";"2018MM12";"32";"80"
"52801";"L008636";"GM0363";"2019MM01";"33";"80"
"52802";"L008636";"GM0363";"2019MM02";"27";"59"
"52803";"L008636";"GM0363";"2019MM03";"36";"83"
"52805";"L008636";"GM0363";"2019MM04";"43";"98"
"52806";"L008636";"GM0363";"2019MM05";"31";"70"
"52807";"L008636";"GM0363";"2019MM06";"23";"49"
"52809";"L008636";"GM0363";"2019MM07";"25";"60"
"52810";"L008636";"GM0363";"2019MM08";"41";"118"
"52811";"L008636";"GM0363";"2019MM09";"24";"56"
"52813";"L008636";"GM0363";"2019MM10";"30";"65"
"52814";"L008636";"GM0363";"2019MM11";"36";"79"
"52815";"L008636";"GM0363";"2019MM12";"36";"83"
"52818";"L008636";"GM0363";"2020MM01";"28";"68"
"52819";"L008636";"GM0363";"2020MM02";"24";"54"
"52820";"L008636";"GM0363";"2020MM03";"7";"18"
"52822";"L008636";"GM0363";"2020MM04";"0";"0"
"52823";"L008636";"GM0363";"2020MM05";"1";"1"
"56914";"L008671";"GM0363";"2018MM10";"1";"2"
"56915";"L008671";"GM0363";"2018MM11";"2";"3"
"56916";"L008671";"GM0363";"2018MM12";"2";"4"
"56919";"L008671";"GM0363";"2019MM01";"1";"2"
"56920";"L008671";"GM0363";"2019MM02";"1";"2"
"56921";"L008671";"GM0363";"2019MM03";"1";"3"
"56923";"L008671";"GM0363";"2019MM04";"1";"2"
"56924";"L008671";"GM0363";"2019MM05";"1";"1"
"56925";"L008671";"GM0363";"2019MM06";"1";"1"
"56927";"L008671";"GM0363";"2019MM07";"1";"3"
"56928";"L008671";"GM0363";"2019MM08";"1";"2"
"56929";"L008671";"GM0363";"2019MM09";"1";"2"
"56931";"L008671";"GM0363";"2019MM10";"1";"1"
"56932";"L008671";"GM0363";"2019MM11";"1";"2"
"56933";"L008671";"GM0363";"2019MM12";"1";"2"
"56936";"L008671";"GM0363";"2020MM01";"0";"0"
"56937";"L008671";"GM0363";"2020MM02";"1";"1"
"56938";"L008671";"GM0363";"2020MM03";"0";"0"
"56940";"L008671";"GM0363";"2020MM04";"0";"0"
"56941";"L008671";"GM0363";"2020MM05";"0";"0"
"61032";"L008749";"GM0363";"2018MM10";"20";"41"
"61033";"L008749";"GM0363";"2018MM11";"23";"49"
"61034";"L008749";"GM0363";"2018MM12";"23";"54"
"61037";"L008749";"GM0363";"2019MM01";"22";"47"
"61038";"L008749";"GM0363";"2019MM02";"22";"46"
"61039";"L008749";"GM0363";"2019MM03";"22";"49"
"61041";"L008749";"GM0363";"2019MM04";"22";"48"
"61042";"L008749";"GM0363";"2019MM05";"20";"43"
"61043";"L008749";"GM0363";"2019MM06";"23";"49"
"61045";"L008749";"GM0363";"2019MM07";"27";"61"
"61046";"L008749";"GM0363";"2019MM08";"30";"79"
"61047";"L008749";"GM0363";"2019MM09";"21";"47"
"61049";"L008749";"GM0363";"2019MM10";"20";"42"
"61050";"L008749";"GM0363";"2019MM11";"25";"51"
"61051";"L008749";"GM0363";"2019MM12";"28";"62"
"61054";"L008749";"GM0363";"2020MM01";"19";"42"
"61055";"L008749";"GM0363";"2020MM02";"20";"43"
"61056";"L008749";"GM0363";"2020MM03";"9";"20"
"61058";"L008749";"GM0363";"2020MM04";"0";"0"
"61059";"L008749";"GM0363";"2020MM05";"1";"1"
"65150";"L008719";"GM0363";"2018MM10";"6";"11"
"65151";"L008719";"GM0363";"2018MM11";"6";"12"
"65152";"L008719";"GM0363";"2018MM12";"5";"10"
"65155";"L008719";"GM0363";"2019MM01";"6";"12"
"65156";"L008719";"GM0363";"2019MM02";"6";"14"
"65157";"L008719";"GM0363";"2019MM03";"6";"15"
"65159";"L008719";"GM0363";"2019MM04";"6";"15"
"65160";"L008719";"GM0363";"2019MM05";"4";"9"
"65161";"L008719";"GM0363";"2019MM06";"4";"9"
"65163";"L008719";"GM0363";"2019MM07";"4";"8"
"65164";"L008719";"GM0363";"2019MM08";"4";"9"
"65165";"L008719";"GM0363";"2019MM09";"5";"10"
"65167";"L008719";"GM0363";"2019MM10";"5";"10"
"65168";"L008719";"GM0363";"2019MM11";"6";"13"
"65169";"L008719";"GM0363";"2019MM12";"4";"9"
"65172";"L008719";"GM0363";"2020MM01";"5";"11"
"65173";"L008719";"GM0363";"2020MM02";"7";"15"
"65174";"L008719";"GM0363";"2020MM03";"2";"4"
"65176";"L008719";"GM0363";"2020MM04";"0";"0"
"65177";"L008719";"GM0363";"2020MM05";"0";"0"
"69268";"L008709";"GM0363";"2018MM10";"7";"15"
"69269";"L008709";"GM0363";"2018MM11";"6";"12"
"69270";"L008709";"GM0363";"2018MM12";"4";"9"
"69273";"L008709";"GM0363";"2019MM01";"5";"10"
"69274";"L008709";"GM0363";"2019MM02";"6";"12"
"69275";"L008709";"GM0363";"2019MM03";"7";"16"
"69277";"L008709";"GM0363";"2019MM04";"11";"24"
"69278";"L008709";"GM0363";"2019MM05";"9";"21"
"69279";"L008709";"GM0363";"2019MM06";"9";"19"
"69281";"L008709";"GM0363";"2019MM07";"8";"21"
"69282";"L008709";"GM0363";"2019MM08";"9";"23"
"69283";"L008709";"GM0363";"2019MM09";"7";"17"
"69285";"L008709";"GM0363";"2019MM10";"6";"14"
"69286";"L008709";"GM0363";"2019MM11";"6";"12"
"69287";"L008709";"GM0363";"2019MM12";"5";"10"
"69290";"L008709";"GM0363";"2020MM01";"4";"8"
"69291";"L008709";"GM0363";"2020MM02";"5";"11"
"69292";"L008709";"GM0363";"2020MM03";"2";"4"
"69294";"L008709";"GM0363";"2020MM04";"0";"0"
"69295";"L008709";"GM0363";"2020MM05";"0";"0"
"73386";"L008588";"GM0363";"2018MM10";"6";"13"
"73387";"L008588";"GM0363";"2018MM11";"4";"7"
"73388";"L008588";"GM0363";"2018MM12";"3";"6"
"73391";"L008588";"GM0363";"2019MM01";"3";"6"
"73392";"L008588";"GM0363";"2019MM02";"4";"7"
"73393";"L008588";"GM0363";"2019MM03";"6";"10"
"73395";"L008588";"GM0363";"2019MM04";"6";"12"
"73396";"L008588";"GM0363";"2019MM05";"6";"10"
"73397";"L008588";"GM0363";"2019MM06";"4";"7"
"73399";"L008588";"GM0363";"2019MM07";"8";"18"
"73400";"L008588";"GM0363";"2019MM08";"4";"10"
"73401";"L008588";"GM0363";"2019MM09";"6";"12"
"73403";"L008588";"GM0363";"2019MM10";"6";"12"
"73404";"L008588";"GM0363";"2019MM11";"4";"8"
"73405";"L008588";"GM0363";"2019MM12";"3";"6"
"73408";"L008588";"GM0363";"2020MM01";"3";"5"
"73409";"L008588";"GM0363";"2020MM02";"3";"6"
"73410";"L008588";"GM0363";"2020MM03";"2";"3"
"73412";"L008588";"GM0363";"2020MM04";"0";"0"
"73413";"L008588";"GM0363";"2020MM05";"0";"0"
"77504";"L008790";"GM0363";"2018MM10";"7";"13"
"77505";"L008790";"GM0363";"2018MM11";"7";"12"
"77506";"L008790";"GM0363";"2018MM12";"4";"9"
"77509";"L008790";"GM0363";"2019MM01";"4";"9"
"77510";"L008790";"GM0363";"2019MM02";"5";"8"
"77511";"L008790";"GM0363";"2019MM03";"6";"11"
"77513";"L008790";"GM0363";"2019MM04";"9";"21"
"77514";"L008790";"GM0363";"2019MM05";"8";"17"
"77515";"L008790";"GM0363";"2019MM06";"7";"14"
"77517";"L008790";"GM0363";"2019MM07";"11";"23"
"77518";"L008790";"GM0363";"2019MM08";"6";"15"
"77519";"L008790";"GM0363";"2019MM09";"7";"13"
"77521";"L008790";"GM0363";"2019MM10";"7";"13"
"77522";"L008790";"GM0363";"2019MM11";"6";"12"
"77523";"L008790";"GM0363";"2019MM12";"4";"8"
"77526";"L008790";"GM0363";"2020MM01";"4";"7"
"77527";"L008790";"GM0363";"2020MM02";"5";"9"
"77528";"L008790";"GM0363";"2020MM03";"2";"4"
"77530";"L008790";"GM0363";"2020MM04";"0";"0"
"77531";"L008790";"GM0363";"2020MM05";"0";"0"
"81622";"L008704";"GM0363";"2018MM10";"6";"13"
"81623";"L008704";"GM0363";"2018MM11";"5";"9"
"81624";"L008704";"GM0363";"2018MM12";"3";"7"
"81627";"L008704";"GM0363";"2019MM01";"4";"7"
"81628";"L008704";"GM0363";"2019MM02";"4";"8"
"81629";"L008704";"GM0363";"2019MM03";"6";"12"
"81631";"L008704";"GM0363";"2019MM04";"6";"15"
"81632";"L008704";"GM0363";"2019MM05";"6";"13"
"81633";"L008704";"GM0363";"2019MM06";"7";"15"
"81635";"L008704";"GM0363";"2019MM07";"7";"15"
"81636";"L008704";"GM0363";"2019MM08";"4";"9"
"81637";"L008704";"GM0363";"2019MM09";"6";"11"
"81639";"L008704";"GM0363";"2019MM10";"6";"12"
"81640";"L008704";"GM0363";"2019MM11";"5";"9"
"81641";"L008704";"GM0363";"2019MM12";"3";"7"
"81644";"L008704";"GM0363";"2020MM01";"3";"6"
"81645";"L008704";"GM0363";"2020MM02";"4";"8"
"81646";"L008704";"GM0363";"2020MM03";"1";"3"
"81648";"L008704";"GM0363";"2020MM04";"0";"0"
"81649";"L008704";"GM0363";"2020MM05";"0";"0"
"85740";"L008604";"GM0363";"2018MM10";"4";"8"
"85741";"L008604";"GM0363";"2018MM11";"3";"6"
"85742";"L008604";"GM0363";"2018MM12";"2";"5"
"85745";"L008604";"GM0363";"2019MM01";"2";"4"
"85746";"L008604";"GM0363";"2019MM02";"3";"5"
"85747";"L008604";"GM0363";"2019MM03";"4";"8"
"85749";"L008604";"GM0363";"2019MM04";"5";"11"
"85750";"L008604";"GM0363";"2019MM05";"5";"9"
"85751";"L008604";"GM0363";"2019MM06";"4";"8"
"85753";"L008604";"GM0363";"2019MM07";"3";"7"
"85754";"L008604";"GM0363";"2019MM08";"2";"6"
"85755";"L008604";"GM0363";"2019MM09";"3";"7"
"85757";"L008604";"GM0363";"2019MM10";"4";"8"
"85758";"L008604";"GM0363";"2019MM11";"3";"6"
"85759";"L008604";"GM0363";"2019MM12";"2";"4"
"85762";"L008604";"GM0363";"2020MM01";"2";"4"
"85763";"L008604";"GM0363";"2020MM02";"2";"5"
"85764";"L008604";"GM0363";"2020MM03";"1";"2"
"85766";"L008604";"GM0363";"2020MM04";"0";"0"
"85767";"L008604";"GM0363";"2020MM05";"0";"0"
"89858";"L008630";"GM0363";"2018MM10";"1";"2"
"89859";"L008630";"GM0363";"2018MM11";"1";"2"
"89860";"L008630";"GM0363";"2018MM12";"1";"2"
"89863";"L008630";"GM0363";"2019MM01";"1";"1"
"89864";"L008630";"GM0363";"2019MM02";"1";"1"
"89865";"L008630";"GM0363";"2019MM03";"1";"1"
"89867";"L008630";"GM0363";"2019MM04";"1";"1"
"89868";"L008630";"GM0363";"2019MM05";"1";"2"
"89869";"L008630";"GM0363";"2019MM06";"1";"1"
"89871";"L008630";"GM0363";"2019MM07";"1";"2"
"89872";"L008630";"GM0363";"2019MM08";"1";"2"
"89873";"L008630";"GM0363";"2019MM09";"1";"2"
"89875";"L008630";"GM0363";"2019MM10";"1";"2"
"89876";"L008630";"GM0363";"2019MM11";"1";"2"
"89877";"L008630";"GM0363";"2019MM12";"1";"1"
"89880";"L008630";"GM0363";"2020MM01";"1";"1"
"89881";"L008630";"GM0363";"2020MM02";"0";"0"
"89882";"L008630";"GM0363";"2020MM03";"0";"0"
"89884";"L008630";"GM0363";"2020MM04";"0";"0"
"89885";"L008630";"GM0363";"2020MM05";"0";"0"
"93976";"L008615";"GM0363";"2018MM10";"3";"5"
"93977";"L008615";"GM0363";"2018MM11";"5";"11"
"93978";"L008615";"GM0363";"2018MM12";"5";"12"
"93981";"L008615";"GM0363";"2019MM01";"3";"7"
"93982";"L008615";"GM0363";"2019MM02";"3";"8"
"93983";"L008615";"GM0363";"2019MM03";"5";"13"
"93985";"L008615";"GM0363";"2019MM04";"3";"6"
"93986";"L008615";"GM0363";"2019MM05";"2";"6"
"93987";"L008615";"GM0363";"2019MM06";"3";"6"
"93989";"L008615";"GM0363";"2019MM07";"2";"5"
"93990";"L008615";"GM0363";"2019MM08";"3";"6"
"93991";"L008615";"GM0363";"2019MM09";"2";"4"
"93993";"L008615";"GM0363";"2019MM10";"3";"7"
"93994";"L008615";"GM0363";"2019MM11";"4";"11"
"93995";"L008615";"GM0363";"2019MM12";"5";"13"
"93998";"L008615";"GM0363";"2020MM01";"3";"7"
"93999";"L008615";"GM0363";"2020MM02";"3";"8"
"94000";"L008615";"GM0363";"2020MM03";"2";"4"
"94002";"L008615";"GM0363";"2020MM04";"0";"0"
"94003";"L008615";"GM0363";"2020MM05";"0";"0"
"98094";"L008587";"GM0363";"2018MM10";"1";"1"
"98095";"L008587";"GM0363";"2018MM11";"1";"2"
"98096";"L008587";"GM0363";"2018MM12";"1";"2"
"98099";"L008587";"GM0363";"2019MM01";"1";"2"
"98100";"L008587";"GM0363";"2019MM02";"1";"2"
"98101";"L008587";"GM0363";"2019MM03";"1";"3"
"98103";"L008587";"GM0363";"2019MM04";"1";"2"
"98104";"L008587";"GM0363";"2019MM05";"1";"1"
"98105";"L008587";"GM0363";"2019MM06";"1";"2"
"98107";"L008587";"GM0363";"2019MM07";"1";"2"
"98108";"L008587";"GM0363";"2019MM08";"1";"2"
"98109";"L008587";"GM0363";"2019MM09";"1";"2"
"98111";"L008587";"GM0363";"2019MM10";"1";"2"
"98112";"L008587";"GM0363";"2019MM11";"1";"2"
"98113";"L008587";"GM0363";"2019MM12";"1";"3"
"98116";"L008587";"GM0363";"2020MM01";"1";"2"
"98117";"L008587";"GM0363";"2020MM02";"1";"2"
"98118";"L008587";"GM0363";"2020MM03";"0";"0"
"98120";"L008587";"GM0363";"2020MM04";"0";"0"
"98121";"L008587";"GM0363";"2020MM05";"0";"0"
"102212";"L008766";"GM0363";"2018MM10";"5";"9"
"102213";"L008766";"GM0363";"2018MM11";"5";"11"
"102214";"L008766";"GM0363";"2018MM12";"6";"11"
"102217";"L008766";"GM0363";"2019MM01";"8";"17"
"102218";"L008766";"GM0363";"2019MM02";"6";"12"
"102219";"L008766";"GM0363";"2019MM03";"7";"13"
"102221";"L008766";"GM0363";"2019MM04";"5";"9"
"102222";"L008766";"GM0363";"2019MM05";"6";"13"
"102223";"L008766";"GM0363";"2019MM06";"7";"13"
"102225";"L008766";"GM0363";"2019MM07";"6";"12"
"102226";"L008766";"GM0363";"2019MM08";"5";"11"
"102227";"L008766";"GM0363";"2019MM09";"6";"11"
"102229";"L008766";"GM0363";"2019MM10";"6";"12"
"102230";"L008766";"GM0363";"2019MM11";"8";"16"
"102231";"L008766";"GM0363";"2019MM12";"7";"15"
"102234";"L008766";"GM0363";"2020MM01";"7";"16"
"102235";"L008766";"GM0363";"2020MM02";"6";"12"
"102236";"L008766";"GM0363";"2020MM03";"2";"5"
"102238";"L008766";"GM0363";"2020MM04";"0";"0"
"102239";"L008766";"GM0363";"2020MM05";"0";"0"
"106330";"L008718";"GM0363";"2018MM10";"4";"8"
"106331";"L008718";"GM0363";"2018MM11";"4";"8"
"106332";"L008718";"GM0363";"2018MM12";"3";"6"
"106335";"L008718";"GM0363";"2019MM01";"4";"7"
"106336";"L008718";"GM0363";"2019MM02";"5";"9"
"106337";"L008718";"GM0363";"2019MM03";"5";"9"
"106339";"L008718";"GM0363";"2019MM04";"4";"8"
"106340";"L008718";"GM0363";"2019MM05";"7";"14"
"106341";"L008718";"GM0363";"2019MM06";"5";"9"
"106343";"L008718";"GM0363";"2019MM07";"5";"10"
"106344";"L008718";"GM0363";"2019MM08";"5";"11"
"106345";"L008718";"GM0363";"2019MM09";"6";"11"
"106347";"L008718";"GM0363";"2019MM10";"5";"9"
"106348";"L008718";"GM0363";"2019MM11";"6";"11"
"106349";"L008718";"GM0363";"2019MM12";"4";"6"
"106352";"L008718";"GM0363";"2020MM01";"4";"7"
"106353";"L008718";"GM0363";"2020MM02";"5";"10"
"106354";"L008718";"GM0363";"2020MM03";"2";"4"
"106356";"L008718";"GM0363";"2020MM04";"0";"0"
"106357";"L008718";"GM0363";"2020MM05";"0";"0"
"110448";"L008764";"GM0363";"2018MM10";"2";"5"
"110449";"L008764";"GM0363";"2018MM11";"2";"3"
"110450";"L008764";"GM0363";"2018MM12";"1";"3"
"110453";"L008764";"GM0363";"2019MM01";"1";"2"
"110454";"L008764";"GM0363";"2019MM02";"2";"3"
"110455";"L008764";"GM0363";"2019MM03";"2";"4"
"110457";"L008764";"GM0363";"2019MM04";"3";"7"
"110458";"L008764";"GM0363";"2019MM05";"3";"6"
"110459";"L008764";"GM0363";"2019MM06";"2";"4"
"110461";"L008764";"GM0363";"2019MM07";"2";"6"
"110462";"L008764";"GM0363";"2019MM08";"2";"6"
"110463";"L008764";"GM0363";"2019MM09";"2";"5"
"110465";"L008764";"GM0363";"2019MM10";"2";"5"
"110466";"L008764";"GM0363";"2019MM11";"2";"4"
"110467";"L008764";"GM0363";"2019MM12";"2";"3"
"110470";"L008764";"GM0363";"2020MM01";"1";"2"
"110471";"L008764";"GM0363";"2020MM02";"2";"3"
"110472";"L008764";"GM0363";"2020MM03";"1";"1"
"110474";"L008764";"GM0363";"2020MM04";"0";"0"
"110475";"L008764";"GM0363";"2020MM05";"0";"0"
"114566";"L008745";"GM0363";"2018MM10";"1";"1"
"114567";"L008745";"GM0363";"2018MM11";"1";"2"
"114568";"L008745";"GM0363";"2018MM12";"0";"0"
"114571";"L008745";"GM0363";"2019MM01";"1";"1"
"114572";"L008745";"GM0363";"2019MM02";"1";"1"
"114573";"L008745";"GM0363";"2019MM03";"1";"2"
"114575";"L008745";"GM0363";"2019MM04";"1";"2"
"114576";"L008745";"GM0363";"2019MM05";"1";"3"
"114577";"L008745";"GM0363";"2019MM06";"1";"1"
"114579";"L008745";"GM0363";"2019MM07";"1";"2"
"114580";"L008745";"GM0363";"2019MM08";"1";"1"
"114581";"L008745";"GM0363";"2019MM09";"1";"1"
"114583";"L008745";"GM0363";"2019MM10";"1";"2"
"114584";"L008745";"GM0363";"2019MM11";"1";"2"
"114585";"L008745";"GM0363";"2019MM12";"1";"1"
"114588";"L008745";"GM0363";"2020MM01";"0";"0"
"114589";"L008745";"GM0363";"2020MM02";"1";"2"
"114590";"L008745";"GM0363";"2020MM03";"0";"0"
"114592";"L008745";"GM0363";"2020MM04";"0";"0"
"114593";"L008745";"GM0363";"2020MM05";"0";"0"
"118684";"L008744";"GM0363";"2018MM10";"1";"2"
"118685";"L008744";"GM0363";"2018MM11";"1";"2"
"118686";"L008744";"GM0363";"2018MM12";"1";"1"
"118689";"L008744";"GM0363";"2019MM01";"0";"0"
"118690";"L008744";"GM0363";"2019MM02";"1";"1"
"118691";"L008744";"GM0363";"2019MM03";"1";"2"
"118693";"L008744";"GM0363";"2019MM04";"1";"2"
"118694";"L008744";"GM0363";"2019MM05";"1";"2"
"118695";"L008744";"GM0363";"2019MM06";"1";"2"
"118697";"L008744";"GM0363";"2019MM07";"1";"2"
"118698";"L008744";"GM0363";"2019MM08";"1";"1"
"118699";"L008744";"GM0363";"2019MM09";"1";"2"
"118701";"L008744";"GM0363";"2019MM10";"1";"2"
"118702";"L008744";"GM0363";"2019MM11";"1";"2"
"118703";"L008744";"GM0363";"2019MM12";"1";"1"
"118706";"L008744";"GM0363";"2020MM01";"0";"0"
"118707";"L008744";"GM0363";"2020MM02";"1";"1"
"118708";"L008744";"GM0363";"2020MM03";"0";"0"
"118710";"L008744";"GM0363";"2020MM04";"0";"0"
"118711";"L008744";"GM0363";"2020MM05";"0";"0"
"122802";"L008627";"GM0363";"2018MM10";"2";"4"
"122803";"L008627";"GM0363";"2018MM11";"2";"4"
"122804";"L008627";"GM0363";"2018MM12";"1";"2"
"122807";"L008627";"GM0363";"2019MM01";"1";"2"
"122808";"L008627";"GM0363";"2019MM02";"2";"4"
"122809";"L008627";"GM0363";"2019MM03";"2";"5"
"122811";"L008627";"GM0363";"2019MM04";"2";"4"
"122812";"L008627";"GM0363";"2019MM05";"2";"4"
"122813";"L008627";"GM0363";"2019MM06";"1";"3"
"122815";"L008627";"GM0363";"2019MM07";"2";"4"
"122816";"L008627";"GM0363";"2019MM08";"1";"3"
"122817";"L008627";"GM0363";"2019MM09";"2";"3"
"122819";"L008627";"GM0363";"2019MM10";"2";"4"
"122820";"L008627";"GM0363";"2019MM11";"2";"4"
"122821";"L008627";"GM0363";"2019MM12";"1";"2"
"122824";"L008627";"GM0363";"2020MM01";"1";"2"
"122825";"L008627";"GM0363";"2020MM02";"2";"3"
"122826";"L008627";"GM0363";"2020MM03";"1";"1"
"122828";"L008627";"GM0363";"2020MM04";"0";"0"
"122829";"L008627";"GM0363";"2020MM05";"0";"0"
"126920";"L008567";"GM0363";"2018MM10";"1";"2"
"126921";"L008567";"GM0363";"2018MM11";"1";"2"
"126922";"L008567";"GM0363";"2018MM12";"1";"1"
"126925";"L008567";"GM0363";"2019MM01";"1";"2"
"126926";"L008567";"GM0363";"2019MM02";"1";"2"
"126927";"L008567";"GM0363";"2019MM03";"1";"3"
"126929";"L008567";"GM0363";"2019MM04";"1";"2"
"126930";"L008567";"GM0363";"2019MM05";"1";"3"
"126931";"L008567";"GM0363";"2019MM06";"1";"2"
"126933";"L008567";"GM0363";"2019MM07";"1";"2"
"126934";"L008567";"GM0363";"2019MM08";"1";"2"
"126935";"L008567";"GM0363";"2019MM09";"1";"2"
"126937";"L008567";"GM0363";"2019MM10";"1";"2"
"126938";"L008567";"GM0363";"2019MM11";"1";"3"
"126939";"L008567";"GM0363";"2019MM12";"1";"2"
"126942";"L008567";"GM0363";"2020MM01";"1";"1"
"126943";"L008567";"GM0363";"2020MM02";"1";"2"
"126944";"L008567";"GM0363";"2020MM03";"0";"0"
"126946";"L008567";"GM0363";"2020MM04";"0";"0"
"126947";"L008567";"GM0363";"2020MM05";"0";"0"
"131038";"L008723";"GM0363";"2018MM10";"4";"7"
"131039";"L008723";"GM0363";"2018MM11";"3";"6"
"131040";"L008723";"GM0363";"2018MM12";"2";"5"
"131043";"L008723";"GM0363";"2019MM01";"2";"4"
"131044";"L008723";"GM0363";"2019MM02";"3";"6"
"131045";"L008723";"GM0363";"2019MM03";"4";"8"
"131047";"L008723";"GM0363";"2019MM04";"3";"7"
"131048";"L008723";"GM0363";"2019MM05";"3";"7"
"131049";"L008723";"GM0363";"2019MM06";"3";"6"
"131051";"L008723";"GM0363";"2019MM07";"2";"6"
"131052";"L008723";"GM0363";"2019MM08";"3";"6"
"131053";"L008723";"GM0363";"2019MM09";"3";"6"
"131055";"L008723";"GM0363";"2019MM10";"3";"6"
"131056";"L008723";"GM0363";"2019MM11";"3";"7"
"131057";"L008723";"GM0363";"2019MM12";"2";"5"
"131060";"L008723";"GM0363";"2020MM01";"2";"5"
"131061";"L008723";"GM0363";"2020MM02";"3";"6"
"131062";"L008723";"GM0363";"2020MM03";"1";"3"
"131064";"L008723";"GM0363";"2020MM04";"0";"0"
"131065";"L008723";"GM0363";"2020MM05";"0";"0"
"135156";"L008654";"GM0363";"2018MM10";"1";"3"
"135157";"L008654";"GM0363";"2018MM11";"1";"2"
"135158";"L008654";"GM0363";"2018MM12";"1";"2"
"135161";"L008654";"GM0363";"2019MM01";"1";"2"
"135162";"L008654";"GM0363";"2019MM02";"1";"2"
"135163";"L008654";"GM0363";"2019MM03";"1";"2"
"135165";"L008654";"GM0363";"2019MM04";"1";"2"
"135166";"L008654";"GM0363";"2019MM05";"1";"2"
"135167";"L008654";"GM0363";"2019MM06";"1";"2"
"135169";"L008654";"GM0363";"2019MM07";"1";"1"
"135170";"L008654";"GM0363";"2019MM08";"1";"2"
"135171";"L008654";"GM0363";"2019MM09";"1";"2"
"135173";"L008654";"GM0363";"2019MM10";"1";"3"
"135174";"L008654";"GM0363";"2019MM11";"1";"3"
"135175";"L008654";"GM0363";"2019MM12";"1";"2"
"135178";"L008654";"GM0363";"2020MM01";"1";"2"
"135179";"L008654";"GM0363";"2020MM02";"1";"2"
"135180";"L008654";"GM0363";"2020MM03";"0";"0"
"135182";"L008654";"GM0363";"2020MM04";"0";"0"
"135183";"L008654";"GM0363";"2020MM05";"0";"0"
"139274";"L008724";"GM0363";"2018MM10";"11";"23"
"139275";"L008724";"GM0363";"2018MM11";"9";"20"
"139276";"L008724";"GM0363";"2018MM12";"8";"16"
"139279";"L008724";"GM0363";"2019MM01";"11";"24"
"139280";"L008724";"GM0363";"2019MM02";"10";"21"
"139281";"L008724";"GM0363";"2019MM03";"14";"29"
"139283";"L008724";"GM0363";"2019MM04";"14";"31"
"139284";"L008724";"GM0363";"2019MM05";"16";"38"
"139285";"L008724";"GM0363";"2019MM06";"10";"20"
"139287";"L008724";"GM0363";"2019MM07";"10";"20"
"139288";"L008724";"GM0363";"2019MM08";"9";"22"
"139289";"L008724";"GM0363";"2019MM09";"10";"20"
"139291";"L008724";"GM0363";"2019MM10";"12";"28"
"139292";"L008724";"GM0363";"2019MM11";"12";"25"
"139293";"L008724";"GM0363";"2019MM12";"9";"18"
"139296";"L008724";"GM0363";"2020MM01";"9";"21"
"139297";"L008724";"GM0363";"2020MM02";"9";"19"
"139298";"L008724";"GM0363";"2020MM03";"4";"10"
"139300";"L008724";"GM0363";"2020MM04";"0";"0"
"139301";"L008724";"GM0363";"2020MM05";"0";"0"
"143392";"L008598";"GM0363";"2018MM10";"1";"2"
"143393";"L008598";"GM0363";"2018MM11";"1";"1"
"143394";"L008598";"GM0363";"2018MM12";"0";"0"
"143397";"L008598";"GM0363";"2019MM01";"1";"1"
"143398";"L008598";"GM0363";"2019MM02";"1";"1"
"143399";"L008598";"GM0363";"2019MM03";"1";"1"
"143401";"L008598";"GM0363";"2019MM04";"1";"2"
"143402";"L008598";"GM0363";"2019MM05";"1";"2"
"143403";"L008598";"GM0363";"2019MM06";"0";"0"
"143405";"L008598";"GM0363";"2019MM07";"1";"1"
"143406";"L008598";"GM0363";"2019MM08";"1";"1"
"143407";"L008598";"GM0363";"2019MM09";"1";"2"
"143409";"L008598";"GM0363";"2019MM10";"1";"1"
"143410";"L008598";"GM0363";"2019MM11";"1";"2"
"143411";"L008598";"GM0363";"2019MM12";"1";"1"
"143414";"L008598";"GM0363";"2020MM01";"0";"0"
"143415";"L008598";"GM0363";"2020MM02";"0";"0"
"143416";"L008598";"GM0363";"2020MM03";"0";"0"
"143418";"L008598";"GM0363";"2020MM04";"0";"0"
"143419";"L008598";"GM0363";"2020MM05";"0";"0"
"147510";"L008657";"GM0363";"2018MM10";"0";"0"
"147511";"L008657";"GM0363";"2018MM11";"1";"1"
"147512";"L008657";"GM0363";"2018MM12";"0";"0"
"147515";"L008657";"GM0363";"2019MM01";"0";"0"
"147516";"L008657";"GM0363";"2019MM02";"0";"0"
"147517";"L008657";"GM0363";"2019MM03";"1";"1"
"147519";"L008657";"GM0363";"2019MM04";"0";"0"
"147520";"L008657";"GM0363";"2019MM05";"0";"0"
"147521";"L008657";"GM0363";"2019MM06";"0";"0"
"147523";"L008657";"GM0363";"2019MM07";"0";"0"
"147524";"L008657";"GM0363";"2019MM08";"0";"0"
"147525";"L008657";"GM0363";"2019MM09";"0";"0"
"147527";"L008657";"GM0363";"2019MM10";"0";"0"
"147528";"L008657";"GM0363";"2019MM11";"1";"1"
"147529";"L008657";"GM0363";"2019MM12";"0";"0"
"147532";"L008657";"GM0363";"2020MM01";"0";"0"
"147533";"L008657";"GM0363";"2020MM02";"0";"0"
"147534";"L008657";"GM0363";"2020MM03";"0";"0"
"147536";"L008657";"GM0363";"2020MM04";"0";"0"
"147537";"L008657";"GM0363";"2020MM05";"0";"0"
"151628";"L008662";"GM0363";"2018MM10";"1";"1"
"151629";"L008662";"GM0363";"2018MM11";"1";"2"
"151630";"L008662";"GM0363";"2018MM12";"1";"1"
"151633";"L008662";"GM0363";"2019MM01";"1";"1"
"151634";"L008662";"GM0363";"2019MM02";"1";"1"
"151635";"L008662";"GM0363";"2019MM03";"1";"2"
"151637";"L008662";"GM0363";"2019MM04";"1";"2"
"151638";"L008662";"GM0363";"2019MM05";"1";"1"
"151639";"L008662";"GM0363";"2019MM06";"1";"1"
"151641";"L008662";"GM0363";"2019MM07";"1";"1"
"151642";"L008662";"GM0363";"2019MM08";"0";"0"
"151643";"L008662";"GM0363";"2019MM09";"1";"1"
"151645";"L008662";"GM0363";"2019MM10";"1";"1"
"151646";"L008662";"GM0363";"2019MM11";"1";"2"
"151647";"L008662";"GM0363";"2019MM12";"1";"1"
"151650";"L008662";"GM0363";"2020MM01";"1";"1"
"151651";"L008662";"GM0363";"2020MM02";"1";"1"
"151652";"L008662";"GM0363";"2020MM03";"0";"0"
"151654";"L008662";"GM0363";"2020MM04";"0";"0"
"151655";"L008662";"GM0363";"2020MM05";"0";"0"
"155746";"L008706";"GM0363";"2018MM10";"3";"5"
"155747";"L008706";"GM0363";"2018MM11";"3";"5"
"155748";"L008706";"GM0363";"2018MM12";"2";"4"
"155751";"L008706";"GM0363";"2019MM01";"2";"4"
"155752";"L008706";"GM0363";"2019MM02";"2";"4"
"155753";"L008706";"GM0363";"2019MM03";"3";"6"
"155755";"L008706";"GM0363";"2019MM04";"4";"8"
"155756";"L008706";"GM0363";"2019MM05";"4";"9"
"155757";"L008706";"GM0363";"2019MM06";"3";"6"
"155759";"L008706";"GM0363";"2019MM07";"3";"6"
"155760";"L008706";"GM0363";"2019MM08";"2";"5"
"155761";"L008706";"GM0363";"2019MM09";"3";"6"
"155763";"L008706";"GM0363";"2019MM10";"3";"7"
"155764";"L008706";"GM0363";"2019MM11";"3";"6"
"155765";"L008706";"GM0363";"2019MM12";"2";"5"
"155768";"L008706";"GM0363";"2020MM01";"2";"5"
"155769";"L008706";"GM0363";"2020MM02";"2";"4"
"155770";"L008706";"GM0363";"2020MM03";"1";"3"
"155772";"L008706";"GM0363";"2020MM04";"0";"0"
"155773";"L008706";"GM0363";"2020MM05";"0";"0"
"159864";"B000070";"GM0363";"2018MM10";"8";"16"
"159865";"B000070";"GM0363";"2018MM11";"9";"17"
"159866";"B000070";"GM0363";"2018MM12";"7";"14"
"159869";"B000070";"GM0363";"2019MM01";"6";"11"
"159870";"B000070";"GM0363";"2019MM02";"9";"17"
"159871";"B000070";"GM0363";"2019MM03";"11";"22"
"159873";"B000070";"GM0363";"2019MM04";"13";"28"
"159874";"B000070";"GM0363";"2019MM05";"11";"23"
"159875";"B000070";"GM0363";"2019MM06";"9";"17"
"159877";"B000070";"GM0363";"2019MM07";"8";"19"
"159878";"B000070";"GM0363";"2019MM08";"14";"28"
"159879";"B000070";"GM0363";"2019MM09";"9";"19"
"159881";"B000070";"GM0363";"2019MM10";"9";"20"
"159882";"B000070";"GM0363";"2019MM11";"9";"20"
"159883";"B000070";"GM0363";"2019MM12";"9";"18"
"159886";"B000070";"GM0363";"2020MM01";"6";"13"
"159887";"B000070";"GM0363";"2020MM02";"5";"12"
"159888";"B000070";"GM0363";"2020MM03";"3";"7"
"159890";"B000070";"GM0363";"2020MM04";"0";"0"
"159891";"B000070";"GM0363";"2020MM05";"1";"1"
"163982";"L008520";"GM0363";"2018MM10";"120";"229"
"163983";"L008520";"GM0363";"2018MM11";"91";"166"
"163984";"L008520";"GM0363";"2018MM12";"77";"146"
"163987";"L008520";"GM0363";"2019MM01";"77";"151"
"163988";"L008520";"GM0363";"2019MM02";"76";"143"
"163989";"L008520";"GM0363";"2019MM03";"106";"200"
"163991";"L008520";"GM0363";"2019MM04";"126";"251"
"163992";"L008520";"GM0363";"2019MM05";"150";"301"
"163993";"L008520";"GM0363";"2019MM06";"155";"300"
"163995";"L008520";"GM0363";"2019MM07";"161";"326"
"163996";"L008520";"GM0363";"2019MM08";"136";"281"
"163997";"L008520";"GM0363";"2019MM09";"142";"276"
"163999";"L008520";"GM0363";"2019MM10";"126";"256"
"164000";"L008520";"GM0363";"2019MM11";"103";"193"
"164001";"L008520";"GM0363";"2019MM12";"85";"167"
"164004";"L008520";"GM0363";"2020MM01";"82";"163"
"164005";"L008520";"GM0363";"2020MM02";"77";"152"
"164006";"L008520";"GM0363";"2020MM03";"34";"71"
"164008";"L008520";"GM0363";"2020MM04";"0";"0"
"164009";"L008520";"GM0363";"2020MM05";"2";"3"
"168100";"L008571";"GM0363";"2018MM10";"11";"21"
"168101";"L008571";"GM0363";"2018MM11";"7";"14"
"168102";"L008571";"GM0363";"2018MM12";"4";"8"
"168105";"L008571";"GM0363";"2019MM01";"5";"9"
"168106";"L008571";"GM0363";"2019MM02";"5";"9"
"168107";"L008571";"GM0363";"2019MM03";"6";"12"
"168109";"L008571";"GM0363";"2019MM04";"9";"18"
"168110";"L008571";"GM0363";"2019MM05";"12";"26"
"168111";"L008571";"GM0363";"2019MM06";"12";"24"
"168113";"L008571";"GM0363";"2019MM07";"13";"27"
"168114";"L008571";"GM0363";"2019MM08";"11";"24"
"168115";"L008571";"GM0363";"2019MM09";"14";"29"
"168117";"L008571";"GM0363";"2019MM10";"10";"21"
"168118";"L008571";"GM0363";"2019MM11";"7";"13"
"168119";"L008571";"GM0363";"2019MM12";"5";"10"
"168122";"L008571";"GM0363";"2020MM01";"4";"9"
"168123";"L008571";"GM0363";"2020MM02";"4";"9"
"168124";"L008571";"GM0363";"2020MM03";"2";"4"
"168126";"L008571";"GM0363";"2020MM04";"0";"0"
"168127";"L008571";"GM0363";"2020MM05";"0";"0"
"172218";"L008778";"GM0363";"2018MM10";"87";"163"
"172219";"L008778";"GM0363";"2018MM11";"65";"115"
"172220";"L008778";"GM0363";"2018MM12";"54";"99"
"172223";"L008778";"GM0363";"2019MM01";"49";"93"
"172224";"L008778";"GM0363";"2019MM02";"52";"94"
"172225";"L008778";"GM0363";"2019MM03";"79";"146"
"172227";"L008778";"GM0363";"2019MM04";"92";"179"
"172228";"L008778";"GM0363";"2019MM05";"106";"206"
"172229";"L008778";"GM0363";"2019MM06";"114";"214"
"172231";"L008778";"GM0363";"2019MM07";"114";"223"
"172232";"L008778";"GM0363";"2019MM08";"96";"193"
"172233";"L008778";"GM0363";"2019MM09";"102";"194"
"172235";"L008778";"GM0363";"2019MM10";"88";"176"
"172236";"L008778";"GM0363";"2019MM11";"74";"137"
"172237";"L008778";"GM0363";"2019MM12";"60";"115"
"172240";"L008778";"GM0363";"2020MM01";"54";"105"
"172241";"L008778";"GM0363";"2020MM02";"54";"105"
"172242";"L008778";"GM0363";"2020MM03";"23";"47"
"172244";"L008778";"GM0363";"2020MM04";"0";"0"
"172245";"L008778";"GM0363";"2020MM05";"1";"2"
"176336";"L008562";"GM0363";"2018MM10";"8";"19"
"176337";"L008562";"GM0363";"2018MM11";"8";"17"
"176338";"L008562";"GM0363";"2018MM12";"8";"16"
"176341";"L008562";"GM0363";"2019MM01";"10";"24"
"176342";"L008562";"GM0363";"2019MM02";"8";"17"
"176343";"L008562";"GM0363";"2019MM03";"10";"21"
"176345";"L008562";"GM0363";"2019MM04";"12";"27"
"176346";"L008562";"GM0363";"2019MM05";"13";"32"
"176347";"L008562";"GM0363";"2019MM06";"12";"26"
"176349";"L008562";"GM0363";"2019MM07";"15";"34"
"176350";"L008562";"GM0363";"2019MM08";"10";"23"
"176351";"L008562";"GM0363";"2019MM09";"10";"22"
"176353";"L008562";"GM0363";"2019MM10";"12";"27"
"176354";"L008562";"GM0363";"2019MM11";"9";"19"
"176355";"L008562";"GM0363";"2019MM12";"9";"20"
"176358";"L008562";"GM0363";"2020MM01";"11";"25"
"176359";"L008562";"GM0363";"2020MM02";"7";"16"
"176360";"L008562";"GM0363";"2020MM03";"3";"8"
"176362";"L008562";"GM0363";"2020MM04";"0";"0"
"176363";"L008562";"GM0363";"2020MM05";"0";"0"
"180454";"B000071";"GM0363";"2018MM10";"14";"27"
"180455";"B000071";"GM0363";"2018MM11";"11";"20"
"180456";"B000071";"GM0363";"2018MM12";"11";"22"
"180459";"B000071";"GM0363";"2019MM01";"12";"25"
"180460";"B000071";"GM0363";"2019MM02";"12";"23"
"180461";"B000071";"GM0363";"2019MM03";"11";"21"
"180463";"B000071";"GM0363";"2019MM04";"14";"27"
"180464";"B000071";"GM0363";"2019MM05";"19";"37"
"180465";"B000071";"GM0363";"2019MM06";"17";"36"
"180467";"B000071";"GM0363";"2019MM07";"20";"42"
"180468";"B000071";"GM0363";"2019MM08";"19";"41"
"180469";"B000071";"GM0363";"2019MM09";"16";"31"
"180471";"B000071";"GM0363";"2019MM10";"16";"31"
"180472";"B000071";"GM0363";"2019MM11";"12";"24"
"180473";"B000071";"GM0363";"2019MM12";"11";"21"
"180476";"B000071";"GM0363";"2020MM01";"12";"25"
"180477";"B000071";"GM0363";"2020MM02";"11";"23"
"180478";"B000071";"GM0363";"2020MM03";"6";"11"
"180480";"B000071";"GM0363";"2020MM04";"0";"0"
"180481";"B000071";"GM0363";"2020MM05";"0";"0"
"184572";"L008524";"GM0363";"2018MM10";"61";"119"
"184573";"L008524";"GM0363";"2018MM11";"50";"96"
"184574";"L008524";"GM0363";"2018MM12";"53";"108"
"184577";"L008524";"GM0363";"2019MM01";"49";"98"
"184578";"L008524";"GM0363";"2019MM02";"51";"98"
"184579";"L008524";"GM0363";"2019MM03";"60";"118"
"184581";"L008524";"GM0363";"2019MM04";"72";"144"
"184582";"L008524";"GM0363";"2019MM05";"67";"132"
"184583";"L008524";"GM0363";"2019MM06";"71";"145"
"184585";"L008524";"GM0363";"2019MM07";"78";"163"
"184586";"L008524";"GM0363";"2019MM08";"77";"165"
"184587";"L008524";"GM0363";"2019MM09";"67";"138"
"184589";"L008524";"GM0363";"2019MM10";"66";"134"
"184590";"L008524";"GM0363";"2019MM11";"56";"112"
"184591";"L008524";"GM0363";"2019MM12";"61";"125"
"184594";"L008524";"GM0363";"2020MM01";"49";"100"
"184595";"L008524";"GM0363";"2020MM02";"43";"89"
"184596";"L008524";"GM0363";"2020MM03";"15";"29"
"184598";"L008524";"GM0363";"2020MM04";"1";"1"
"184599";"L008524";"GM0363";"2020MM05";"1";"3"
"188690";"L008639";"GM0363";"2018MM10";"4";"7"
"188691";"L008639";"GM0363";"2018MM11";"4";"7"
"188692";"L008639";"GM0363";"2018MM12";"3";"6"
"188695";"L008639";"GM0363";"2019MM01";"4";"7"
"188696";"L008639";"GM0363";"2019MM02";"5";"9"
"188697";"L008639";"GM0363";"2019MM03";"5";"8"
"188699";"L008639";"GM0363";"2019MM04";"6";"11"
"188700";"L008639";"GM0363";"2019MM05";"7";"12"
"188701";"L008639";"GM0363";"2019MM06";"5";"10"
"188703";"L008639";"GM0363";"2019MM07";"5";"9"
"188704";"L008639";"GM0363";"2019MM08";"6";"12"
"188705";"L008639";"GM0363";"2019MM09";"6";"11"
"188707";"L008639";"GM0363";"2019MM10";"5";"8"
"188708";"L008639";"GM0363";"2019MM11";"5";"8"
"188709";"L008639";"GM0363";"2019MM12";"4";"7"
"188712";"L008639";"GM0363";"2020MM01";"3";"7"
"188713";"L008639";"GM0363";"2020MM02";"4";"8"
"188714";"L008639";"GM0363";"2020MM03";"2";"3"
"188716";"L008639";"GM0363";"2020MM04";"0";"0"
"188717";"L008639";"GM0363";"2020MM05";"0";"0"
"192808";"L008632";"GM0363";"2018MM10";"3";"5"
"192809";"L008632";"GM0363";"2018MM11";"2";"3"
"192810";"L008632";"GM0363";"2018MM12";"3";"5"
"192813";"L008632";"GM0363";"2019MM01";"3";"6"
"192814";"L008632";"GM0363";"2019MM02";"2";"3"
"192815";"L008632";"GM0363";"2019MM03";"3";"5"
"192817";"L008632";"GM0363";"2019MM04";"4";"6"
"192818";"L008632";"GM0363";"2019MM05";"3";"5"
"192819";"L008632";"GM0363";"2019MM06";"4";"8"
"192821";"L008632";"GM0363";"2019MM07";"2";"5"
"192822";"L008632";"GM0363";"2019MM08";"2";"3"
"192823";"L008632";"GM0363";"2019MM09";"2";"4"
"192825";"L008632";"GM0363";"2019MM10";"2";"4"
"192826";"L008632";"GM0363";"2019MM11";"2";"5"
"192827";"L008632";"GM0363";"2019MM12";"3";"6"
"192830";"L008632";"GM0363";"2020MM01";"2";"5"
"192831";"L008632";"GM0363";"2020MM02";"2";"3"
"192832";"L008632";"GM0363";"2020MM03";"1";"1"
"192834";"L008632";"GM0363";"2020MM04";"0";"0"
"192835";"L008632";"GM0363";"2020MM05";"0";"0"
"196926";"L008628";"GM0363";"2018MM10";"2";"3"
"196927";"L008628";"GM0363";"2018MM11";"2";"3"
"196928";"L008628";"GM0363";"2018MM12";"2";"3"
"196931";"L008628";"GM0363";"2019MM01";"2";"3"
"196932";"L008628";"GM0363";"2019MM02";"2";"3"
"196933";"L008628";"GM0363";"2019MM03";"3";"4"
"196935";"L008628";"GM0363";"2019MM04";"3";"6"
"196936";"L008628";"GM0363";"2019MM05";"3";"6"
"196937";"L008628";"GM0363";"2019MM06";"3";"6"
"196939";"L008628";"GM0363";"2019MM07";"4";"7"
"196940";"L008628";"GM0363";"2019MM08";"3";"6"
"196941";"L008628";"GM0363";"2019MM09";"3";"4"
"196943";"L008628";"GM0363";"2019MM10";"3";"4"
"196944";"L008628";"GM0363";"2019MM11";"2";"3"
"196945";"L008628";"GM0363";"2019MM12";"3";"4"
"196948";"L008628";"GM0363";"2020MM01";"2";"4"
"196949";"L008628";"GM0363";"2020MM02";"2";"2"
"196950";"L008628";"GM0363";"2020MM03";"1";"1"
"196952";"L008628";"GM0363";"2020MM04";"0";"0"
"196953";"L008628";"GM0363";"2020MM05";"0";"0"
"201044";"L008635";"GM0363";"2018MM10";"12";"27"
"201045";"L008635";"GM0363";"2018MM11";"10";"25"
"201046";"L008635";"GM0363";"2018MM12";"11";"28"
"201049";"L008635";"GM0363";"2019MM01";"10";"26"
"201050";"L008635";"GM0363";"2019MM02";"9";"21"
"201051";"L008635";"GM0363";"2019MM03";"13";"32"
"201053";"L008635";"GM0363";"2019MM04";"10";"25"
"201054";"L008635";"GM0363";"2019MM05";"10";"25"
"201055";"L008635";"GM0363";"2019MM06";"10";"25"
"201057";"L008635";"GM0363";"2019MM07";"13";"34"
"201058";"L008635";"GM0363";"2019MM08";"11";"27"
"201059";"L008635";"GM0363";"2019MM09";"12";"31"
"201061";"L008635";"GM0363";"2019MM10";"11";"30"
"201062";"L008635";"GM0363";"2019MM11";"10";"25"
"201063";"L008635";"GM0363";"2019MM12";"12";"31"
"201066";"L008635";"GM0363";"2020MM01";"10";"26"
"201067";"L008635";"GM0363";"2020MM02";"9";"20"
"201068";"L008635";"GM0363";"2020MM03";"2";"5"
"201070";"L008635";"GM0363";"2020MM04";"0";"0"
"201071";"L008635";"GM0363";"2020MM05";"0";"0"
"205162";"L008755";"GM0363";"2018MM10";"2";"4"
"205163";"L008755";"GM0363";"2018MM11";"1";"3"
"205164";"L008755";"GM0363";"2018MM12";"1";"2"
"205167";"L008755";"GM0363";"2019MM01";"2";"3"
"205168";"L008755";"GM0363";"2019MM02";"2";"4"
"205169";"L008755";"GM0363";"2019MM03";"2";"3"
"205171";"L008755";"GM0363";"2019MM04";"3";"6"
"205172";"L008755";"GM0363";"2019MM05";"3";"5"
"205173";"L008755";"GM0363";"2019MM06";"3";"5"
"205175";"L008755";"GM0363";"2019MM07";"3";"7"
"205176";"L008755";"GM0363";"2019MM08";"3";"6"
"205177";"L008755";"GM0363";"2019MM09";"2";"4"
"205179";"L008755";"GM0363";"2019MM10";"2";"4"
"205180";"L008755";"GM0363";"2019MM11";"2";"3"
"205181";"L008755";"GM0363";"2019MM12";"2";"4"
"205184";"L008755";"GM0363";"2020MM01";"2";"3"
"205185";"L008755";"GM0363";"2020MM02";"1";"3"
"205186";"L008755";"GM0363";"2020MM03";"0";"0"
"205188";"L008755";"GM0363";"2020MM04";"0";"0"
"205189";"L008755";"GM0363";"2020MM05";"0";"0"
"209280";"L008575";"GM0363";"2018MM10";"13";"21"
"209281";"L008575";"GM0363";"2018MM11";"10";"16"
"209282";"L008575";"GM0363";"2018MM12";"10";"16"
"209285";"L008575";"GM0363";"2019MM01";"8";"14"
"209286";"L008575";"GM0363";"2019MM02";"11";"21"
"209287";"L008575";"GM0363";"2019MM03";"11";"18"
"209289";"L008575";"GM0363";"2019MM04";"14";"26"
"209290";"L008575";"GM0363";"2019MM05";"14";"24"
"209291";"L008575";"GM0363";"2019MM06";"13";"23"
"209293";"L008575";"GM0363";"2019MM07";"15";"25"
"209294";"L008575";"GM0363";"2019MM08";"16";"29"
"209295";"L008575";"GM0363";"2019MM09";"15";"27"
"209297";"L008575";"GM0363";"2019MM10";"13";"22"
"209298";"L008575";"GM0363";"2019MM11";"11";"19"
"209299";"L008575";"GM0363";"2019MM12";"10";"16"
"209302";"L008575";"GM0363";"2020MM01";"9";"16"
"209303";"L008575";"GM0363";"2020MM02";"7";"14"
"209304";"L008575";"GM0363";"2020MM03";"3";"4"
"209306";"L008575";"GM0363";"2020MM04";"1";"1"
"209307";"L008575";"GM0363";"2020MM05";"1";"1"
"213398";"L008789";"GM0363";"2018MM10";"3";"5"
"213399";"L008789";"GM0363";"2018MM11";"2";"3"
"213400";"L008789";"GM0363";"2018MM12";"2";"3"
"213403";"L008789";"GM0363";"2019MM01";"2";"4"
"213404";"L008789";"GM0363";"2019MM02";"2";"4"
"213405";"L008789";"GM0363";"2019MM03";"2";"4"
"213407";"L008789";"GM0363";"2019MM04";"2";"4"
"213408";"L008789";"GM0363";"2019MM05";"3";"5"
"213409";"L008789";"GM0363";"2019MM06";"2";"4"
"213411";"L008789";"GM0363";"2019MM07";"3";"6"
"213412";"L008789";"GM0363";"2019MM08";"3";"6"
"213413";"L008789";"GM0363";"2019MM09";"3";"5"
"213415";"L008789";"GM0363";"2019MM10";"2";"5"
"213416";"L008789";"GM0363";"2019MM11";"2";"5"
"213417";"L008789";"GM0363";"2019MM12";"2";"4"
"213420";"L008789";"GM0363";"2020MM01";"3";"5"
"213421";"L008789";"GM0363";"2020MM02";"2";"4"
"213422";"L008789";"GM0363";"2020MM03";"0";"0"
"213424";"L008789";"GM0363";"2020MM04";"0";"0"
"213425";"L008789";"GM0363";"2020MM05";"0";"0"
"217516";"L008631";"GM0363";"2018MM10";"7";"14"
"217517";"L008631";"GM0363";"2018MM11";"6";"11"
"217518";"L008631";"GM0363";"2018MM12";"5";"9"
"217521";"L008631";"GM0363";"2019MM01";"4";"9"
"217522";"L008631";"GM0363";"2019MM02";"5";"9"
"217523";"L008631";"GM0363";"2019MM03";"6";"12"
"217525";"L008631";"GM0363";"2019MM04";"8";"16"
"217526";"L008631";"GM0363";"2019MM05";"9";"19"
"217527";"L008631";"GM0363";"2019MM06";"10";"22"
"217529";"L008631";"GM0363";"2019MM07";"9";"19"
"217530";"L008631";"GM0363";"2019MM08";"7";"15"
"217531";"L008631";"GM0363";"2019MM09";"8";"18"
"217533";"L008631";"GM0363";"2019MM10";"7";"14"
"217534";"L008631";"GM0363";"2019MM11";"7";"13"
"217535";"L008631";"GM0363";"2019MM12";"7";"15"
"217538";"L008631";"GM0363";"2020MM01";"4";"8"
"217539";"L008631";"GM0363";"2020MM02";"5";"10"
"217540";"L008631";"GM0363";"2020MM03";"1";"2"
"217542";"L008631";"GM0363";"2020MM04";"0";"0"
"217543";"L008631";"GM0363";"2020MM05";"0";"0"
"221634";"B000072";"GM0363";"2018MM10";"17";"33"
"221635";"B000072";"GM0363";"2018MM11";"13";"24"
"221636";"B000072";"GM0363";"2018MM12";"17";"36"
"221639";"B000072";"GM0363";"2019MM01";"14";"28"
"221640";"B000072";"GM0363";"2019MM02";"13";"24"
"221641";"B000072";"GM0363";"2019MM03";"16";"32"
"221643";"B000072";"GM0363";"2019MM04";"22";"45"
"221644";"B000072";"GM0363";"2019MM05";"15";"30"
"221645";"B000072";"GM0363";"2019MM06";"19";"41"
"221647";"B000072";"GM0363";"2019MM07";"23";"51"
"221648";"B000072";"GM0363";"2019MM08";"26";"61"
"221649";"B000072";"GM0363";"2019MM09";"16";"34"
"221651";"B000072";"GM0363";"2019MM10";"21";"42"
"221652";"B000072";"GM0363";"2019MM11";"15";"31"
"221653";"B000072";"GM0363";"2019MM12";"18";"37"
"221656";"B000072";"GM0363";"2020MM01";"13";"26"
"221657";"B000072";"GM0363";"2020MM02";"12";"26"
"221658";"B000072";"GM0363";"2020MM03";"5";"11"
"221660";"B000072";"GM0363";"2020MM04";"0";"0"
"221661";"B000072";"GM0363";"2020MM05";"0";"0"
"225752";"L008531";"GM0363";"2018MM10";"12";"23"
"225753";"L008531";"GM0363";"2018MM11";"8";"16"
"225754";"L008531";"GM0363";"2018MM12";"11";"25"
"225757";"L008531";"GM0363";"2019MM01";"12";"25"
"225758";"L008531";"GM0363";"2019MM02";"6";"12"
"225759";"L008531";"GM0363";"2019MM03";"6";"13"
"225761";"L008531";"GM0363";"2019MM04";"9";"19"
"225762";"L008531";"GM0363";"2019MM05";"14";"29"
"225763";"L008531";"GM0363";"2019MM06";"20";"41"
"225765";"L008531";"GM0363";"2019MM07";"27";"57"
"225766";"L008531";"GM0363";"2019MM08";"17";"38"
"225767";"L008531";"GM0363";"2019MM09";"17";"36"
"225769";"L008531";"GM0363";"2019MM10";"13";"26"
"225770";"L008531";"GM0363";"2019MM11";"10";"19"
"225771";"L008531";"GM0363";"2019MM12";"11";"24"
"225774";"L008531";"GM0363";"2020MM01";"10";"24"
"225775";"L008531";"GM0363";"2020MM02";"5";"11"
"225776";"L008531";"GM0363";"2020MM03";"2";"5"
"225778";"L008531";"GM0363";"2020MM04";"0";"0"
"225779";"L008531";"GM0363";"2020MM05";"0";"0"
"229870";"L008545";"GM0363";"2018MM10";"9";"19"
"229871";"L008545";"GM0363";"2018MM11";"6";"12"
"229872";"L008545";"GM0363";"2018MM12";"9";"20"
"229875";"L008545";"GM0363";"2019MM01";"10";"21"
"229876";"L008545";"GM0363";"2019MM02";"5";"9"
"229877";"L008545";"GM0363";"2019MM03";"5";"9"
"229879";"L008545";"GM0363";"2019MM04";"7";"15"
"229880";"L008545";"GM0363";"2019MM05";"11";"24"
"229881";"L008545";"GM0363";"2019MM06";"15";"32"
"229883";"L008545";"GM0363";"2019MM07";"22";"47"
"229884";"L008545";"GM0363";"2019MM08";"14";"30"
"229885";"L008545";"GM0363";"2019MM09";"14";"29"
"229887";"L008545";"GM0363";"2019MM10";"10";"20"
"229888";"L008545";"GM0363";"2019MM11";"7";"13"
"229889";"L008545";"GM0363";"2019MM12";"9";"20"
"229892";"L008545";"GM0363";"2020MM01";"9";"20"
"229893";"L008545";"GM0363";"2020MM02";"4";"9"
"229894";"L008545";"GM0363";"2020MM03";"2";"4"
"229896";"L008545";"GM0363";"2020MM04";"0";"0"
"229897";"L008545";"GM0363";"2020MM05";"0";"0"
"233988";"L008697";"GM0363";"2018MM10";"2";"3"
"233989";"L008697";"GM0363";"2018MM11";"1";"2"
"233990";"L008697";"GM0363";"2018MM12";"1";"2"
"233993";"L008697";"GM0363";"2019MM01";"1";"2"
"233994";"L008697";"GM0363";"2019MM02";"1";"1"
"233995";"L008697";"GM0363";"2019MM03";"1";"2"
"233997";"L008697";"GM0363";"2019MM04";"1";"3"
"233998";"L008697";"GM0363";"2019MM05";"2";"4"
"233999";"L008697";"GM0363";"2019MM06";"3";"5"
"234001";"L008697";"GM0363";"2019MM07";"3";"7"
"234002";"L008697";"GM0363";"2019MM08";"2";"5"
"234003";"L008697";"GM0363";"2019MM09";"2";"5"
"234005";"L008697";"GM0363";"2019MM10";"2";"3"
"234006";"L008697";"GM0363";"2019MM11";"1";"3"
"234007";"L008697";"GM0363";"2019MM12";"1";"2"
"234010";"L008697";"GM0363";"2020MM01";"1";"3"
"234011";"L008697";"GM0363";"2020MM02";"1";"1"
"234012";"L008697";"GM0363";"2020MM03";"0";"0"
"234014";"L008697";"GM0363";"2020MM04";"0";"0"
"234015";"L008697";"GM0363";"2020MM05";"0";"0"
"238106";"B000073";"GM0363";"2018MM10";"1";"2"
"238107";"B000073";"GM0363";"2018MM11";"0";"0"
"238108";"B000073";"GM0363";"2018MM12";"1";"2"
"238111";"B000073";"GM0363";"2019MM01";"1";"2"
"238112";"B000073";"GM0363";"2019MM02";"1";"1"
"238113";"B000073";"GM0363";"2019MM03";"1";"2"
"238115";"B000073";"GM0363";"2019MM04";"0";"0"
"238116";"B000073";"GM0363";"2019MM05";"1";"1"
"238117";"B000073";"GM0363";"2019MM06";"2";"3"
"238119";"B000073";"GM0363";"2019MM07";"1";"3"
"238120";"B000073";"GM0363";"2019MM08";"1";"3"
"238121";"B000073";"GM0363";"2019MM09";"1";"2"
"238123";"B000073";"GM0363";"2019MM10";"1";"3"
"238124";"B000073";"GM0363";"2019MM11";"2";"3"
"238125";"B000073";"GM0363";"2019MM12";"1";"2"
"238128";"B000073";"GM0363";"2020MM01";"1";"1"
"238129";"B000073";"GM0363";"2020MM02";"0";"0"
"238130";"B000073";"GM0363";"2020MM03";"0";"0"
"238132";"B000073";"GM0363";"2020MM04";"0";"0"
"238133";"B000073";"GM0363";"2020MM05";"0";"0"
"242224";"L008519";"GM0363";"2018MM10";"7";"15"
"242225";"L008519";"GM0363";"2018MM11";"6";"12"
"242226";"L008519";"GM0363";"2018MM12";"8";"17"
"242229";"L008519";"GM0363";"2019MM01";"6";"13"
"242230";"L008519";"GM0363";"2019MM02";"6";"12"
"242231";"L008519";"GM0363";"2019MM03";"6";"13"
"242233";"L008519";"GM0363";"2019MM04";"8";"17"
"242234";"L008519";"GM0363";"2019MM05";"6";"13"
"242235";"L008519";"GM0363";"2019MM06";"9";"19"
"242237";"L008519";"GM0363";"2019MM07";"9";"20"
"242238";"L008519";"GM0363";"2019MM08";"11";"25"
"242239";"L008519";"GM0363";"2019MM09";"8";"17"
"242241";"L008519";"GM0363";"2019MM10";"9";"19"
"242242";"L008519";"GM0363";"2019MM11";"7";"15"
"242243";"L008519";"GM0363";"2019MM12";"9";"19"
"242246";"L008519";"GM0363";"2020MM01";"7";"15"
"242247";"L008519";"GM0363";"2020MM02";"6";"13"
"242248";"L008519";"GM0363";"2020MM03";"3";"6"
"242250";"L008519";"GM0363";"2020MM04";"0";"0"
"242251";"L008519";"GM0363";"2020MM05";"0";"0"
"246342";"L008787";"GM0363";"2018MM10";"2";"4"
"246343";"L008787";"GM0363";"2018MM11";"1";"2"
"246344";"L008787";"GM0363";"2018MM12";"2";"3"
"246347";"L008787";"GM0363";"2019MM01";"1";"3"
"246348";"L008787";"GM0363";"2019MM02";"2";"3"
"246349";"L008787";"GM0363";"2019MM03";"2";"4"
"246351";"L008787";"GM0363";"2019MM04";"2";"4"
"246352";"L008787";"GM0363";"2019MM05";"2";"4"
"246353";"L008787";"GM0363";"2019MM06";"3";"8"
"246355";"L008787";"GM0363";"2019MM07";"3";"6"
"246356";"L008787";"GM0363";"2019MM08";"2";"5"
"246357";"L008787";"GM0363";"2019MM09";"3";"6"
"246359";"L008787";"GM0363";"2019MM10";"2";"4"
"246360";"L008787";"GM0363";"2019MM11";"2";"3"
"246361";"L008787";"GM0363";"2019MM12";"3";"6"
"246364";"L008787";"GM0363";"2020MM01";"2";"4"
"246365";"L008787";"GM0363";"2020MM02";"2";"3"
"246366";"L008787";"GM0363";"2020MM03";"1";"1"
"246368";"L008787";"GM0363";"2020MM04";"0";"0"
"246369";"L008787";"GM0363";"2020MM05";"0";"0"
"250460";"B000074";"GM0363";"2018MM10";"5";"11"
"250461";"B000074";"GM0363";"2018MM11";"5";"10"
"250462";"B000074";"GM0363";"2018MM12";"6";"14"
"250465";"B000074";"GM0363";"2019MM01";"5";"10"
"250466";"B000074";"GM0363";"2019MM02";"4";"9"
"250467";"B000074";"GM0363";"2019MM03";"5";"10"
"250469";"B000074";"GM0363";"2019MM04";"6";"13"
"250470";"B000074";"GM0363";"2019MM05";"4";"9"
"250471";"B000074";"GM0363";"2019MM06";"5";"11"
"250473";"B000074";"GM0363";"2019MM07";"7";"14"
"250474";"B000074";"GM0363";"2019MM08";"9";"20"
"250475";"B000074";"GM0363";"2019MM09";"6";"11"
"250477";"B000074";"GM0363";"2019MM10";"7";"15"
"250478";"B000074";"GM0363";"2019MM11";"6";"12"
"250479";"B000074";"GM0363";"2019MM12";"6";"13"
"250482";"B000074";"GM0363";"2020MM01";"5";"12"
"250483";"B000074";"GM0363";"2020MM02";"5";"10"
"250484";"B000074";"GM0363";"2020MM03";"2";"4"
"250486";"B000074";"GM0363";"2020MM04";"0";"0"
"250487";"B000074";"GM0363";"2020MM05";"0";"0"
